"","anime_name","user_id","overall_rating","review_date"
"1","Shuumatsu no Walküre","BimaSylirian","
        Overall Rating:
        5
      ","Sep 14, 2021"
"2","Violet Evergarden","Pingu_the_weeb","
        Overall Rating:
        10
      ","Sep 14, 2021"
"3","Yosuga no Sora: In Solitude, Where We Are Least Alone.","tishhu","
        Overall Rating:
        7
      ","Sep 14, 2021"
"4","Tasogare Otome x Amnesia","Lofen","
        Overall Rating:
        5
      ","Sep 14, 2021"
"5","Dororo","Bav6","
        Overall Rating:
        7
      ","Sep 14, 2021"
"6","Kobayashi-san Chi no Maid Dragon S","SolidusSnake1995","
        Overall Rating:
        8
      ","Sep 14, 2021"
"7","Overlord","hamim_yasin","
        Overall Rating:
        6
      ","Sep 14, 2021"
"8","Kubikiri Cycle: Aoiro Savant to Zaregototsukai","shreku-chan","
        Overall Rating:
        7
      ","Sep 14, 2021"
"9","Kiseijuu: Sei no Kakuritsu","Debozz","
        Overall Rating:
        8
      ","Sep 14, 2021"
"10","Darwin's Game","Debozz","
        Overall Rating:
        6
      ","Sep 14, 2021"
"11","3-gatsu no Lion 2nd Season","ricochett","
        Overall Rating:
        10
      ","Sep 14, 2021"
"12","Druaga no Tou: The Aegis of Uruk","Gurifisu-Femto","
        Overall Rating:
        9
      ","Sep 14, 2021"
"13","Kimetsu no Yaiba Movie: Mugen Ressha-hen","Narzik246","
        Overall Rating:
        10
      ","Sep 14, 2021"
"14","Yasuke","TDPVP","
        Overall Rating:
        5
      ","Sep 14, 2021"
"15","Gakuen Babysitters","SpectreHub","
        Overall Rating:
        9
      ","Sep 14, 2021"
"16","Heion Sedai no Idaten-tachi","zahermit","
        Overall Rating:
        10
      ","Sep 14, 2021"
"17","Mo Dao Zu Shi: Wanjie Pian","chi4you","
        Overall Rating:
        9
      ","Sep 14, 2021"
"18","Kanojo, Okarishimasu","Pixeletral","
        Overall Rating:
        4
      ","Sep 13, 2021"
"19","Evangelion: 3.0+1.0 Thrice Upon a Time","Havinstroke","
        Overall Rating:
        9
      ","Sep 13, 2021"
"20","Deca-Dence","Moonchild--","
        Overall Rating:
        10
      ","Sep 13, 2021"
"21","Mairimashita! Iruma-kun","cielphantomhiv30","
        Overall Rating:
        8
      ","Sep 13, 2021"
"22","Ishuzoku Reviewers","fudge290","
        Overall Rating:
        8
      ","Sep 13, 2021"
"23","Seirei Gensouki","olandir","
        Overall Rating:
        7
      ","Sep 13, 2021"
"24","Deatte 5-byou de Battle","olandir","
        Overall Rating:
        6
      ","Sep 13, 2021"
"25","Violet Evergarden","davimattoso","
        Overall Rating:
        10
      ","Sep 13, 2021"
"26","Miao Xiansheng","lindor_choco","
        Overall Rating:
        10
      ","Sep 13, 2021"
"27","Kumo Desu ga, Nani ka?","Cat_of_Anodyne","
        Overall Rating:
        2
      ","Sep 13, 2021"
"28","Hidan no Aria AA","Digital-Destiny5","
        Overall Rating:
        6
      ","Sep 13, 2021"
"29","Gintama: The Final","tigerk3","
        Overall Rating:
        10
      ","Sep 13, 2021"
"30","Odd Taxi","Cat_of_Anodyne","
        Overall Rating:
        8
      ","Sep 13, 2021"
"31","Seireitsukai no Blade Dance","Vandervekken","
        Overall Rating:
        6
      ","Sep 13, 2021"
"32","Mushoku Tensei: Isekai Ittara Honki Dasu","zeBaconcake","
        Overall Rating:
        7
      ","Sep 13, 2021"
"33","Kumo Desu ga, Nani ka?","zeBaconcake","
        Overall Rating:
        9
      ","Sep 13, 2021"
"34","Kami-tachi ni Hirowareta Otoko","JibJib5","
        Overall Rating:
        8
      ","Sep 13, 2021"
"35","Ex-Arm","Love_Anime_123","
        Overall Rating:
        1
      ","Sep 13, 2021"
"36","Haikyuu!!","Michio_","
        Overall Rating:
        9
      ","Sep 13, 2021"
"37","White Album 2","Rainy666","
        Overall Rating:
        8
      ","Sep 13, 2021"
"38","Sword Art Online: Alicization","Kirito_Kazuto_","
        Overall Rating:
        9
      ","Sep 13, 2021"
"39","Kaizoku Oujo","myaw0o","
        Overall Rating:
        10
      ","Sep 13, 2021"
"40","Saint Seiya: Soul of Gold","zeta1","
        Overall Rating:
        9
      ","Sep 13, 2021"
"41","Mushoku Tensei: Isekai Ittara Honki Dasu","mcbuscus69","
        Overall Rating:
        3
      ","Sep 13, 2021"
"42","Elfen Lied","Majorohminus","
        Overall Rating:
        4
      ","Sep 13, 2021"
"43","Terra e...","SCLFI","
        Overall Rating:
        5
      ","Sep 13, 2021"
"44","Devils Line","audioxtc","
        Overall Rating:
        9
      ","Sep 13, 2021"
"45","Hyouka","i-like-this","
        Overall Rating:
        8
      ","Sep 13, 2021"
"46","Neon Genesis Evangelion","Copyboy-13","
        Overall Rating:
        10
      ","Sep 13, 2021"
"47","Inou-Battle wa Nichijou-kei no Naka de","Dionkeykong","
        Overall Rating:
        4
      ","Sep 13, 2021"
"48","Persona 5 the Animation","okami_M","
        Overall Rating:
        10
      ","Sep 13, 2021"
"49","Mobile Suit Gundam","Scheveningen","
        Overall Rating:
        7
      ","Sep 13, 2021"
"50","Mahou Shoujo Madoka<U+2605>Magica Movie 3: Hangyaku no Monogatari","mramirezh","
        Overall Rating:
        2
      ","Sep 13, 2021"
"51","Gakkougurashi!","okami_M","
        Overall Rating:
        1
      ","Sep 13, 2021"
"52","Babylon","okami_M","
        Overall Rating:
        8
      ","Sep 13, 2021"
"53","Ore wo Suki nano wa Omae dake ka yo: Oretachi no Game Set","okami_M","
        Overall Rating:
        6
      ","Sep 13, 2021"
"54","Wonder Egg Priority Special","okami_M","
        Overall Rating:
        6
      ","Sep 13, 2021"
"55","Wonder Egg Priority","okami_M","
        Overall Rating:
        9
      ","Sep 13, 2021"
"56","Evangelion: 3.0+1.0 Thrice Upon a Time","Abra1244","
        Overall Rating:
        4
      ","Sep 13, 2021"
"57","Evangelion: 3.0+1.0 Thrice Upon a Time","okami_M","
        Overall Rating:
        10
      ","Sep 13, 2021"
"58","Ex-Arm","Smertieboi","
        Overall Rating:
        1
      ","Sep 13, 2021"
"59","Yasuke","Jettskii","
        Overall Rating:
        6
      ","Sep 13, 2021"
"60","Tenkuu Shinpan","Potato_catt","
        Overall Rating:
        6
      ","Sep 13, 2021"
"61","Perfect Blue","okami_M","
        Overall Rating:
        9
      ","Sep 13, 2021"
"62","Vanitas no Karte","Alexisonfire98","
        Overall Rating:
        5
      ","Sep 13, 2021"
"63","Boku dake ga Inai Machi","Dr_Lepic","
        Overall Rating:
        10
      ","Sep 13, 2021"
"64","Tong Ling Fei","Malcayn","
        Overall Rating:
        7
      ","Sep 13, 2021"
"65","Kaifuku Jutsushi no Yarinaoshi","i-like-this","
        Overall Rating:
        1
      ","Sep 13, 2021"
"66","Howl no Ugoku Shiro","Ahiru229","
        Overall Rating:
        4
      ","Sep 13, 2021"
"67","Uramichi Oniisan","lesfiches1600","
        Overall Rating:
        8
      ","Sep 13, 2021"
"68","Slime Taoshite 300-nen, Shiranai Uchi ni Level Max ni Nattemashita","Snowladen","
        Overall Rating:
        9
      ","Sep 13, 2021"
"69","IDOLiSH7: Third Beat!","6fortius","
        Overall Rating:
        10
      ","Sep 13, 2021"
"70","Hige wo Soru. Soshite Joshikousei wo Hirou.","Nero_18","
        Overall Rating:
        8
      ","Sep 13, 2021"
"71","ReLIFE","cewike","
        Overall Rating:
        9
      ","Sep 13, 2021"
"72","Beastars","Vansylvania","
        Overall Rating:
        6
      ","Sep 13, 2021"
"73","FLCL","jo_la_truite","
        Overall Rating:
        3
      ","Sep 13, 2021"
"74","Shingeki no Kyojin","GOSA_AnimePro","
        Overall Rating:
        10
      ","Sep 13, 2021"
"75","Tokyo Revengers","Cuoremort","
        Overall Rating:
        1
      ","Sep 13, 2021"
"76","JoJo no Kimyou na Bouken (TV)","Hail_Lelouch","
        Overall Rating:
        9
      ","Sep 13, 2021"
"77","Kyokou Suiri","audioxtc","
        Overall Rating:
        8
      ","Sep 13, 2021"
"78","Banana Fish","twootiefrootie","
        Overall Rating:
        10
      ","Sep 13, 2021"
"79","One Piece","bekim","
        Overall Rating:
        10
      ","Sep 13, 2021"
"80","Glasslip","hoduy1910","
        Overall Rating:
        10
      ","Sep 13, 2021"
"81","Koe no Katachi","PenKe","
        Overall Rating:
        10
      ","Sep 13, 2021"
"82","Gake no Ue no Ponyo","terrence_","
        Overall Rating:
        7
      ","Sep 13, 2021"
"83","Quanzhi Fashi","UltraReviewShow","
        Overall Rating:
        1
      ","Sep 13, 2021"
"84","Kanata no Astra","Rumi_Akashi","
        Overall Rating:
        10
      ","Sep 12, 2021"
"85","Jahy-sama wa Kujikenai!","Nifty2","
        Overall Rating:
        7
      ","Sep 12, 2021"
"86","Beelzebub-jou no Okinimesu mama.","IronHeartSA","
        Overall Rating:
        7
      ","Sep 12, 2021"
"87","Tokyo Revengers","Sukamii","
        Overall Rating:
        10
      ","Sep 12, 2021"
"88","Tantei wa Mou, Shindeiru.","VILLA926","
        Overall Rating:
        4
      ","Sep 12, 2021"
"89","Tiger & Bunny","CappedPluto","
        Overall Rating:
        6
      ","Sep 12, 2021"
"90","Kono Naka ni Hitori, Imouto ga Iru!","Intrepid_Otaku","
        Overall Rating:
        5
      ","Sep 12, 2021"
"91","Redline","albertbrown","
        Overall Rating:
        9
      ","Sep 12, 2021"
"92","Vanitas no Karte","maxbraketorque","
        Overall Rating:
        9
      ","Sep 12, 2021"
"93","Jin-Rou","albertbrown","
        Overall Rating:
        9
      ","Sep 12, 2021"
"94","Battery","Segaco","
        Overall Rating:
        5
      ","Sep 12, 2021"
"95","School Days","jookie28","
        Overall Rating:
        9
      ","Sep 12, 2021"
"96","Mairimashita! Iruma-kun 2nd Season","Nero_18","
        Overall Rating:
        9
      ","Sep 12, 2021"
"97","Kanojo mo Kanojo","DaddyCamiKaze","
        Overall Rating:
        5
      ","Sep 12, 2021"
"98","Re-Main","Nora_hikari","
        Overall Rating:
        8
      ","Sep 12, 2021"
"99","Jashin Shoukan: Inran Kyonyuu Oyako Ikenie Gishiki","TheAceAttorney","
        Overall Rating:
        8
      ","Sep 12, 2021"
"100","Mairimashita! Iruma-kun 2nd Season","PyraXadon","
        Overall Rating:
        7
      ","Sep 12, 2021"
"101","Perfect Blue","ashina_heir","
        Overall Rating:
        9
      ","Sep 12, 2021"
"102","Lupin III: Kutabare! Nostradamus","Ciaran_Zagami","
        Overall Rating:
        6
      ","Sep 12, 2021"
"103","Umibe no Étranger","EriolElfwin","
        Overall Rating:
        10
      ","Sep 12, 2021"
"104","Yagate Kimi ni Naru","Pevvel","
        Overall Rating:
        10
      ","Sep 12, 2021"
"105","Yoru no Kuni","ACasualViewer","
        Overall Rating:
        8
      ","Sep 12, 2021"
"106","Shin Megami Tensei: Tokyo Mokushiroku","vashzawa","
        Overall Rating:
        5
      ","Sep 12, 2021"
"107","Howl no Ugoku Shiro","shufflebutter","
        Overall Rating:
        8
      ","Sep 12, 2021"
"108","Majo no Takkyuubin","shufflebutter","
        Overall Rating:
        9
      ","Sep 12, 2021"
"109","Yoru no Kuni","Firechick12012","
        Overall Rating:
        9
      ","Sep 12, 2021"
"110","Samurai Champloo","Jettskii","
        Overall Rating:
        9
      ","Sep 12, 2021"
"111","Kill Me Baby","Intrepid_Otaku","
        Overall Rating:
        7
      ","Sep 12, 2021"
"112","Karigurashi no Arrietty","Lordgabennn","
        Overall Rating:
        9
      ","Sep 12, 2021"
"113","Quanzhi Fashi","Oldyoungdude","
        Overall Rating:
        5
      ","Sep 12, 2021"
"114","Horimiya","Zazu9099","
        Overall Rating:
        9
      ","Sep 12, 2021"
"115","Megami-ryou no Ryoubo-kun.","PashaKai","
        Overall Rating:
        5
      ","Sep 12, 2021"
"116","Bokutachi no Remake","NixiedDominiel","
        Overall Rating:
        10
      ","Sep 12, 2021"
"117","Kanojo mo Kanojo","Itwasmedio7","
        Overall Rating:
        8
      ","Sep 12, 2021"
"118","Isekai wa Smartphone to Tomo ni.","pktome","
        Overall Rating:
        3
      ","Sep 12, 2021"
"119","Hanayaka Nari, Waga Ichizoku: Kinetograph","sourguava","
        Overall Rating:
        8
      ","Sep 12, 2021"
"120","Boruto: Naruto Next Generations","CommitJungle","
        Overall Rating:
        1
      ","Sep 12, 2021"
"121","Tengen Toppa Gurren Lagann","kamina_lives_on","
        Overall Rating:
        10
      ","Sep 12, 2021"
"122","Jahy-sama wa Kujikenai!","Ellenwitch","
        Overall Rating:
        8
      ","Sep 12, 2021"
"123","Kenja no Mago","BK_Bleed","
        Overall Rating:
        4
      ","Sep 12, 2021"
"124","Hunter x Hunter (2011)","SukiSukinow","
        Overall Rating:
        3
      ","Sep 12, 2021"
"125","Kanojo mo Kanojo","i-like-this","
        Overall Rating:
        5
      ","Sep 12, 2021"
"126","Rainbow: Nisha Rokubou no Shichinin","jolyneeee","
        Overall Rating:
        10
      ","Sep 12, 2021"
"127","Danganronpa 3: The End of Kibougamine Gakuen - Zetsubou-hen","coder_bro","
        Overall Rating:
        7
      ","Sep 12, 2021"
"128","Violet Evergarden Movie","DaleRoyFall","
        Overall Rating:
        10
      ","Sep 12, 2021"
"129","Danganronpa 3: The End of Kibougamine Gakuen - Mirai-hen","coder_bro","
        Overall Rating:
        4
      ","Sep 12, 2021"
"130","Kumo Desu ga, Nani ka?","houtarouchan","
        Overall Rating:
        8
      ","Sep 12, 2021"
"131","Yahari Ore no Seishun Love Comedy wa Machigatteiru. Kan","CharlesDeGaulle","
        Overall Rating:
        8
      ","Sep 12, 2021"
"132","Kaizoku Oujo","RentNoGirlfriend","
        Overall Rating:
        3
      ","Sep 12, 2021"
"133","Yoru no Kuni","NextUniverse","
        Overall Rating:
        9
      ","Sep 12, 2021"
"134","Yahari Ore no Seishun Love Comedy wa Machigatteiru. Kan","TwixxieRoll","
        Overall Rating:
        10
      ","Sep 12, 2021"
"135","Yakusoku no Neverland 2nd Season","hanalynn_12","
        Overall Rating:
        7
      ","Sep 12, 2021"
"136","Omoide Poroporo","Ahiru229","
        Overall Rating:
        4
      ","Sep 12, 2021"
"137","Jahy-sama wa Kujikenai!","Hexdsid","
        Overall Rating:
        9
      ","Sep 12, 2021"
"138","Val x Love","anirudh_anime_04","
        Overall Rating:
        5
      ","Sep 12, 2021"
"139","Tokyo Ghoul","pradyusha","
        Overall Rating:
        4
      ","Sep 12, 2021"
"140","Owarimonogatari","kflm2014","
        Overall Rating:
        8
      ","Sep 12, 2021"
"141","Boruto: Naruto Next Generations","Neocaridina2","
        Overall Rating:
        2
      ","Sep 12, 2021"
"142","Haikyuu!!","HAJIME-NO-ROBIN","
        Overall Rating:
        8
      ","Sep 12, 2021"
"143","Kuzu no Honkai","CautiousShadow","
        Overall Rating:
        7
      ","Sep 12, 2021"
"144","Tengen Toppa Gurren Lagann","sweatyhummus","
        Overall Rating:
        7
      ","Sep 12, 2021"
"145","Steins;Gate","LightScaryRobo","
        Overall Rating:
        10
      ","Sep 12, 2021"
"146","World Trigger","jolyneeee","
        Overall Rating:
        4
      ","Sep 12, 2021"
"147","Seirei Gensouki","lesfiches1600","
        Overall Rating:
        5
      ","Sep 12, 2021"
"148","Artiswitch","Sloppiest_Slop","
        Overall Rating:
        6
      ","Sep 12, 2021"
"149","Bokutachi no Remake","lesfiches1600","
        Overall Rating:
        3
      ","Sep 12, 2021"
"150","Domestic na Kanojo","nerofangay","
        Overall Rating:
        10
      ","Sep 12, 2021"
"151","Shingeki no Kyojin: The Final Season","blushinggeek","
        Overall Rating:
        8
      ","Sep 12, 2021"
"152","Tensei shitara Slime Datta Ken 2nd Season Part 2","lesfiches1600","
        Overall Rating:
        10
      ","Sep 12, 2021"
"153","Bakemono no Ko","Nijo24","
        Overall Rating:
        8
      ","Sep 12, 2021"
"154","Fugou Keiji: Balance:Unlimited","caneies","
        Overall Rating:
        10
      ","Sep 12, 2021"
"155","Monster Strike the Movie: Lucifer - Zetsubou no Yoake","elinwarrior","
        Overall Rating:
        4
      ","Sep 12, 2021"
"156","Boku dake ga Inai Machi","Infectedc123","
        Overall Rating:
        7
      ","Sep 12, 2021"
"157","Kobayashi-san Chi no Maid Dragon S","Mukho","
        Overall Rating:
        10
      ","Sep 12, 2021"
"158","Kanojo, Okarishimasu","surcuel","
        Overall Rating:
        3
      ","Sep 11, 2021"
"159","Fumetsu no Anata e","Pixeldrum","
        Overall Rating:
        4
      ","Sep 11, 2021"
"160","Mobile Suit Gundam ZZ","DeathIndexFinger","
        Overall Rating:
        7
      ","Sep 11, 2021"
"161","Naruto: Shippuuden","WaryNiklas","
        Overall Rating:
        6
      ","Sep 11, 2021"
"162","Hige wo Soru. Soshite Joshikousei wo Hirou.","xXBoKoXx","
        Overall Rating:
        9
      ","Sep 11, 2021"
"163","Seiren","airwavesventure","
        Overall Rating:
        7
      ","Sep 11, 2021"
"164","Toaru Majutsu no Index III","Lionzero","
        Overall Rating:
        7
      ","Sep 11, 2021"
"165","Fumetsu no Anata e","Muhammed374","
        Overall Rating:
        10
      ","Sep 11, 2021"
"166","Sayonara Watashi no Cramer","psychorabbit","
        Overall Rating:
        1
      ","Sep 11, 2021"
"167","Sen to Chihiro no Kamikakushi","terrence_","
        Overall Rating:
        4
      ","Sep 11, 2021"
"168","Tatoeba Last Dungeon Mae no Mura no Shounen ga Joban no Machi de Kurasu Youna Monogatari","Chikari_Tomoshi","
        Overall Rating:
        5
      ","Sep 11, 2021"
"169","A Kite","ashina_heir","
        Overall Rating:
        5
      ","Sep 11, 2021"
"170","Kill la Kill","ashina_heir","
        Overall Rating:
        8
      ","Sep 11, 2021"
"171","Tensei shitara Slime Datta Ken 2nd Season Part 2","LangleyAsuka","
        Overall Rating:
        4
      ","Sep 11, 2021"
"172","Dragon Ball","ashina_heir","
        Overall Rating:
        8
      ","Sep 11, 2021"
"173","Death Note","ashina_heir","
        Overall Rating:
        9
      ","Sep 11, 2021"
"174","FLCL","ashina_heir","
        Overall Rating:
        9
      ","Sep 11, 2021"
"175","Mairimashita! Iruma-kun 2nd Season","PocketMage","
        Overall Rating:
        9
      ","Sep 11, 2021"
"176","The God of High School","ThatAnimeSnobRE","
        Overall Rating:
        3
      ","Sep 11, 2021"
"177","Jahy-sama wa Kujikenai!","skysurf","
        Overall Rating:
        3
      ","Sep 11, 2021"
"178","Ore Monogatari!!","wafflitas","
        Overall Rating:
        10
      ","Sep 11, 2021"
"179","Neon Genesis Evangelion","Yasuke_Kurosawa","
        Overall Rating:
        9
      ","Sep 11, 2021"
"180","Mairimashita! Iruma-kun 2nd Season","SpectreHub","
        Overall Rating:
        10
      ","Sep 11, 2021"
"181","Junk Head","delta5","
        Overall Rating:
        9
      ","Sep 11, 2021"
"182","Bokutachi no Remake","zdeisterreviews","
        Overall Rating:
        2
      ","Sep 11, 2021"
"183","Jahy-sama wa Kujikenai!","jahver","
        Overall Rating:
        2
      ","Sep 11, 2021"
"184","Genshiken Nidaime","GREED_Adherent","
        Overall Rating:
        7
      ","Sep 11, 2021"
"185","Tensei shitara Slime Datta Ken 2nd Season Part 2","Ebagmane","
        Overall Rating:
        7
      ","Sep 11, 2021"
"186","New Game!","medvsa","
        Overall Rating:
        7
      ","Sep 11, 2021"
"187","InuYasha","Pueblo_","
        Overall Rating:
        9
      ","Sep 11, 2021"
"188","Genshiken 2","GREED_Adherent","
        Overall Rating:
        8
      ","Sep 11, 2021"
"189","Yes ka No ka Hanbun ka","eQuinn_0x","
        Overall Rating:
        2
      ","Sep 11, 2021"
"190","Tokyo Revengers","RasyidMalik","
        Overall Rating:
        2
      ","Sep 11, 2021"
"191","Genshiken","GREED_Adherent","
        Overall Rating:
        7
      ","Sep 11, 2021"
"192","Sword Art Online","Vandervekken","
        Overall Rating:
        6
      ","Sep 11, 2021"
"193","Hyouka","Manuel_Wardhana","
        Overall Rating:
        9
      ","Sep 11, 2021"
"194","Ginga Tetsudou no Yoru","EriolElfwin","
        Overall Rating:
        10
      ","Sep 11, 2021"
"195","Golden Boy","__void__","
        Overall Rating:
        7
      ","Sep 11, 2021"
"196","Tetsuwan Atom","Jacquelin","
        Overall Rating:
        6
      ","Sep 11, 2021"
"197","Koukaku Kidoutai","ashina_heir","
        Overall Rating:
        10
      ","Sep 11, 2021"
"198","Dororo","Vansylvania","
        Overall Rating:
        9
      ","Sep 11, 2021"
"199","Mahouka Koukou no Yuutousei","self99","
        Overall Rating:
        1
      ","Sep 11, 2021"
"200","Great Pretender","ashina_heir","
        Overall Rating:
        9
      ","Sep 11, 2021"
"201","Hunter x Hunter (2011)","TheProphet1588","
        Overall Rating:
        10
      ","Sep 11, 2021"
"202","Shokugeki no Souma","jimmyrustler234","
        Overall Rating:
        9
      ","Sep 11, 2021"
"203","Nami yo Kiitekure","medvsa","
        Overall Rating:
        8
      ","Sep 11, 2021"
"204","Overlord II","jimmyrustler234","
        Overall Rating:
        2
      ","Sep 11, 2021"
"205","Kuzu no Honkai","MisterMista","
        Overall Rating:
        4
      ","Sep 11, 2021"
"206","Cowboy Bebop","ashina_heir","
        Overall Rating:
        9
      ","Sep 11, 2021"
"207","Black Lagoon","ashina_heir","
        Overall Rating:
        8
      ","Sep 11, 2021"
"208","Mairimashita! Iruma-kun 2nd Season","skysurf","
        Overall Rating:
        10
      ","Sep 11, 2021"
"209","Kanojo mo Kanojo","_UC","
        Overall Rating:
        8
      ","Sep 11, 2021"
"210","Urara Meirochou","Intrepid_Otaku","
        Overall Rating:
        7
      ","Sep 11, 2021"
"211","Jahy-sama wa Kujikenai!","SpRayquaza11","
        Overall Rating:
        7
      ","Sep 11, 2021"
"212","Bungou Stray Dogs","RoyalBlue2867","
        Overall Rating:
        6
      ","Sep 11, 2021"
"213","Jahy-sama wa Kujikenai!","Kylinity","
        Overall Rating:
        8
      ","Sep 11, 2021"
"214","Bleach","GT-weeb","
        Overall Rating:
        9
      ","Sep 11, 2021"
"215","Fumetsu no Anata e","Vpeyjilji57","
        Overall Rating:
        8
      ","Sep 11, 2021"
"216","Mairimashita! Iruma-kun 2nd Season","-aaa","
        Overall Rating:
        9
      ","Sep 11, 2021"
"217","Seiren","TonkleBonkers","
        Overall Rating:
        4
      ","Sep 11, 2021"
"218","Tensei shitara Slime Datta Ken","VladimirsGluten","
        Overall Rating:
        3
      ","Sep 11, 2021"
"219","Boku no Hero Academia 5th Season","Yuri_Cobaia","
        Overall Rating:
        5
      ","Sep 11, 2021"
"220","Ousama Game The Animation","Princezuko69","
        Overall Rating:
        8
      ","Sep 11, 2021"
"221","Kanojo mo Kanojo","Kira_queen_55","
        Overall Rating:
        8
      ","Sep 11, 2021"
"222","Katekyo Hitman Reborn!","mery58","
        Overall Rating:
        8
      ","Sep 11, 2021"
"223","Dr. Stone","Shmoody","
        Overall Rating:
        3
      ","Sep 11, 2021"
"224","Mairimashita! Iruma-kun 2nd Season","RPWPA","
        Overall Rating:
        9
      ","Sep 11, 2021"
"225","Wan Sheng Jie","Magenta-Magic","
        Overall Rating:
        8
      ","Sep 11, 2021"
"226","Josee to Tora to Sakana-tachi","4rgy4","
        Overall Rating:
        10
      ","Sep 11, 2021"
"227","Odd Taxi","bjornicles","
        Overall Rating:
        10
      ","Sep 11, 2021"
"228","Kanojo mo Kanojo","-aaa","
        Overall Rating:
        8
      ","Sep 11, 2021"
"229","Seishun Buta Yarou wa Bunny Girl Senpai no Yume wo Minai","Sushiyuuki","
        Overall Rating:
        10
      ","Sep 11, 2021"
"230","Yowamushi Pedal: Grande Road","HAJIME-NO-ROBIN","
        Overall Rating:
        10
      ","Sep 11, 2021"
"231","Ore Monogatari!!","HAJIME-NO-ROBIN","
        Overall Rating:
        10
      ","Sep 11, 2021"
"232","Fullmetal Alchemist: Brotherhood","ali_199","
        Overall Rating:
        10
      ","Sep 11, 2021"
"233","Shigatsu wa Kimi no Uso","makotoplz","
        Overall Rating:
        7
      ","Sep 11, 2021"
"234","Otome Game no Hametsu Flag shika Nai Akuyaku Reijou ni Tensei shiteshimatta...","i-like-this","
        Overall Rating:
        8
      ","Sep 11, 2021"
"235","Shiroi Suna no Aquatope","justundergodtier","
        Overall Rating:
        6
      ","Sep 11, 2021"
"236","Ishuzoku Reviewers","Ariahs0235","
        Overall Rating:
        6
      ","Sep 11, 2021"
"237","Mimi wo Sumaseba","Ahiru229","
        Overall Rating:
        5
      ","Sep 11, 2021"
"238","Mairimashita! Iruma-kun 2nd Season","Garbagepickles","
        Overall Rating:
        8
      ","Sep 11, 2021"
"239","UQ Holder!: Mahou Sensei Negima! 2","Dub-Chan","
        Overall Rating:
        5
      ","Sep 11, 2021"
"240","KisKis! Wo de Nanyou Shi Bohe Tang","Blackcatanime7","
        Overall Rating:
        5
      ","Sep 11, 2021"
"241","Boku no Hero Academia 5th Season","WillFlynn","
        Overall Rating:
        7
      ","Sep 11, 2021"
"242","Mairimashita! Iruma-kun 2nd Season","Hieng","
        Overall Rating:
        9
      ","Sep 11, 2021"
"243","Bakuten!!","AozoraAi","
        Overall Rating:
        6
      ","Sep 11, 2021"
"244","Jibaku Shounen Hanako-kun","tadanoKanashimi","
        Overall Rating:
        8
      ","Sep 11, 2021"
"245","Redline","Weebbe","
        Overall Rating:
        10
      ","Sep 11, 2021"
"246","Diabolik Lovers More,Blood","Luna_Witch13","
        Overall Rating:
        6
      ","Sep 11, 2021"
"247","Mayoiga","Sugi-usa","
        Overall Rating:
        3
      ","Sep 11, 2021"
"248","Boku no Hero Academia","Weebbe","
        Overall Rating:
        7
      ","Sep 11, 2021"
"249","Mairimashita! Iruma-kun 2nd Season","KANLen09","
        Overall Rating:
        8
      ","Sep 11, 2021"
"250","Kimetsu no Yaiba","androhzki","
        Overall Rating:
        8
      ","Sep 11, 2021"
"251","Fate/stay night","Raynixer","
        Overall Rating:
        4
      ","Sep 11, 2021"
"252","Hanyou no Yashahime: Sengoku Otogizoushi","blushinggeek","
        Overall Rating:
        8
      ","Sep 11, 2021"
"253","Fullmetal Alchemist: Brotherhood","0_PotatoSenpai_0","
        Overall Rating:
        10
      ","Sep 10, 2021"
"254","Elfen Lied","SooBasicc","
        Overall Rating:
        8
      ","Sep 10, 2021"
"255","Yuru Camp<U+25B3> Season 2","Remster20","
        Overall Rating:
        10
      ","Sep 10, 2021"
"256","Sword Art Online","qwe304","
        Overall Rating:
        7
      ","Sep 10, 2021"
"257","Shironeko Project: Zero Chronicle","JomboJuice","
        Overall Rating:
        1
      ","Sep 10, 2021"
"258","Otome Game no Hametsu Flag shika Nai Akuyaku Reijou ni Tensei shiteshimatta... X","Aaxum_MEOnL","
        Overall Rating:
        7
      ","Sep 10, 2021"
"259","Wave!!: Surfing Yappe!!","Yen_09","
        Overall Rating:
        9
      ","Sep 10, 2021"
"260","Katekyo Hitman Reborn!","newlli","
        Overall Rating:
        8
      ","Sep 10, 2021"
"261","Tengen Toppa Gurren Lagann Movie Zenyasai: Viral no Amai Yume","Sweet0Potato","
        Overall Rating:
        6
      ","Sep 10, 2021"
"262","Hataraku Saibou (TV)","AngelChrome","
        Overall Rating:
        6
      ","Sep 10, 2021"
"263","No Game No Life: Zero - Manner Movie","Sweet0Potato","
        Overall Rating:
        7
      ","Sep 10, 2021"
"264","Sayonara no Asa ni Yakusoku no Hana wo Kazarou","FlipFlops","
        Overall Rating:
        10
      ","Sep 10, 2021"
"265","Gintama°","Jagz_7","
        Overall Rating:
        10
      ","Sep 10, 2021"
"266","Maou Gakuin no Futekigousha: Shijou Saikyou no Maou no Shiso, Tensei shite Shison-tachi no Gakkou e Kayou","Vandervekken","
        Overall Rating:
        8
      ","Sep 10, 2021"
"267","Assassins Pride","Sweet0Potato","
        Overall Rating:
        1
      ","Sep 10, 2021"
"268","Sora no Otoshimono Final: Eternal My Master","Sargossa","
        Overall Rating:
        6
      ","Sep 10, 2021"
"269","Blue Reflection Ray","Bright_Star645","
        Overall Rating:
        10
      ","Sep 10, 2021"
"270","Doukyonin wa Hiza, Tokidoki, Atama no Ue.","Superenter","
        Overall Rating:
        9
      ","Sep 10, 2021"
"271","Sentouin, Hakenshimasu!","Minaj2014","
        Overall Rating:
        9
      ","Sep 10, 2021"
"272","Hanebado!","LingeringAme","
        Overall Rating:
        5
      ","Sep 10, 2021"
"273","Dragon Ball Super: Broly","ashina_heir","
        Overall Rating:
        10
      ","Sep 10, 2021"
"274","Black Magic M-66","Intrepid_Otaku","
        Overall Rating:
        8
      ","Sep 10, 2021"
"275","Mushoku Tensei: Isekai Ittara Honki Dasu","f4ntyy","
        Overall Rating:
        10
      ","Sep 10, 2021"
"276","Nurarihyon no Mago: Sennen Makyou","yo52i","
        Overall Rating:
        10
      ","Sep 10, 2021"
"277","Nurarihyon no Mago","yo52i","
        Overall Rating:
        9
      ","Sep 10, 2021"
"278","Kimetsu no Yaiba Movie: Mugen Ressha-hen","Farkus","
        Overall Rating:
        7
      ","Sep 10, 2021"
"279","Fune wo Amu","katsucats","
        Overall Rating:
        7
      ","Sep 10, 2021"
"280","Witch Craft Works","Casteol","
        Overall Rating:
        7
      ","Sep 10, 2021"
"281","JoJo no Kimyou na Bouken Part 5: Ougon no Kaze","xXx_animeguy_xXx","
        Overall Rating:
        3
      ","Sep 10, 2021"
"282","Aria the Crepuscolo","CinaGinger","
        Overall Rating:
        7
      ","Sep 10, 2021"
"283","Kiss x Sis","NotNaenaed","
        Overall Rating:
        10
      ","Sep 10, 2021"
"284","Kimetsu no Yaiba","TheDiamondBro","
        Overall Rating:
        9
      ","Sep 10, 2021"
"285","Seiren","Xen0s_9","
        Overall Rating:
        6
      ","Sep 10, 2021"
"286","Kanojo mo Kanojo","RaiderMendez","
        Overall Rating:
        7
      ","Sep 10, 2021"
"287","Psycho-Pass 3","ggultra2764","
        Overall Rating:
        8
      ","Sep 10, 2021"
"288","Pokemon Diamond & Pearl","Alex_Jaro","
        Overall Rating:
        8
      ","Sep 10, 2021"
"289","Kodomo no Kaitei no Koto","MarreTheMan","
        Overall Rating:
        4
      ","Sep 10, 2021"
"290","Kumo Desu ga, Nani ka?","medvsa","
        Overall Rating:
        7
      ","Sep 10, 2021"
"291","Ore dake Haireru Kakushi Dungeon","surcuel","
        Overall Rating:
        6
      ","Sep 10, 2021"
"292","Tensei shitara Slime Datta Ken OVA","aomitois","
        Overall Rating:
        2
      ","Sep 10, 2021"
"293","Neon Genesis Evangelion","_Watermelon_19","
        Overall Rating:
        10
      ","Sep 10, 2021"
"294","Otome Game no Hametsu Flag shika Nai Akuyaku Reijou ni Tensei shiteshimatta... X","Kidlike101","
        Overall Rating:
        5
      ","Sep 10, 2021"
"295","Vanitas no Karte","Alex_TheBest","
        Overall Rating:
        10
      ","Sep 10, 2021"
"296","Arifureta Shokugyou de Sekai Saikyou","Spoog","
        Overall Rating:
        6
      ","Sep 10, 2021"
"297","Date A Live: Date to Date","LiberNetiz","
        Overall Rating:
        6
      ","Sep 10, 2021"
"298","Ryuu no Haisha","Intrepid_Otaku","
        Overall Rating:
        9
      ","Sep 10, 2021"
"299","Jibaku Shounen Hanako-kun","nitrogynous","
        Overall Rating:
        8
      ","Sep 10, 2021"
"300","Hunter x Hunter (2011)","Cadiskira","
        Overall Rating:
        10
      ","Sep 10, 2021"
"301","Diabolik Lovers","Luna_Witch13","
        Overall Rating:
        6
      ","Sep 10, 2021"
"302","Kimetsu no Yaiba","Reuter10","
        Overall Rating:
        10
      ","Sep 10, 2021"
"303","Sakura-sou no Pet na Kanojo","WeebletOmelet","
        Overall Rating:
        9
      ","Sep 10, 2021"
"304","Death Note","Resting_Bonfire","
        Overall Rating:
        8
      ","Sep 10, 2021"
"305","Kobayashi-san Chi no Maid Dragon S","outsidethemox","
        Overall Rating:
        6
      ","Sep 10, 2021"
"306","Hibike! Euphonium 2","Blackheart01","
        Overall Rating:
        10
      ","Sep 10, 2021"
"307","Peach Boy Riverside","RroyalFlush","
        Overall Rating:
        1
      ","Sep 10, 2021"
"308","Hunter x Hunter (2011)","MauricioRH7","
        Overall Rating:
        10
      ","Sep 10, 2021"
"309","Jujutsu Kaisen (TV)","Weebbe","
        Overall Rating:
        8
      ","Sep 10, 2021"
"310","Tamako Market","Lab_Mem_Num001","
        Overall Rating:
        5
      ","Sep 10, 2021"
"311","Soukyuu no Fafner: Dead Aggressor - Heaven and Earth","theGodde","
        Overall Rating:
        8
      ","Sep 10, 2021"
"312","Umi ga Kikoeru","Ahiru229","
        Overall Rating:
        4
      ","Sep 10, 2021"
"313","Rakuen Tsuihou","Lonindess","
        Overall Rating:
        8
      ","Sep 10, 2021"
"314","Mirai Nikki (TV)","SexMaster88","
        Overall Rating:
        1
      ","Sep 10, 2021"
"315","Mashiro no Oto","i-like-this","
        Overall Rating:
        4
      ","Sep 10, 2021"
"316","Toaru Kagaku no Railgun","Shwabby","
        Overall Rating:
        8
      ","Sep 10, 2021"
"317","Golden Kamuy","lesfiches1600","
        Overall Rating:
        10
      ","Sep 10, 2021"
"318","Kimi no Na wa.","zimpp","
        Overall Rating:
        9
      ","Sep 10, 2021"
"319","Shingeki no Kyojin","grap3soda","
        Overall Rating:
        6
      ","Sep 10, 2021"
"320","Neon Genesis Evangelion","ashina_heir","
        Overall Rating:
        9
      ","Sep 10, 2021"
"321","Bloodivores","AnimeLover2023","
        Overall Rating:
        10
      ","Sep 10, 2021"
"322","Shinsekai yori","triquist","
        Overall Rating:
        6
      ","Sep 10, 2021"
"323","Kakegurui××","amandont","
        Overall Rating:
        7
      ","Sep 9, 2021"
"324","Nomad: Megalo Box 2","Chief_McSpanky","
        Overall Rating:
        9
      ","Sep 9, 2021"
"325","Black Lagoon","FakeAccount1","
        Overall Rating:
        6
      ","Sep 9, 2021"
"326","Kakegurui","amandont","
        Overall Rating:
        7
      ","Sep 9, 2021"
"327","Tokyo Revengers","kaguyabunnysan","
        Overall Rating:
        5
      ","Sep 9, 2021"
"328","Darwin's Game","tburberry","
        Overall Rating:
        10
      ","Sep 9, 2021"
"329","Fullmetal Alchemist: The Conqueror of Shamballa","GOSA_AnimePro","
        Overall Rating:
        10
      ","Sep 9, 2021"
"330","Odd Taxi","chloegc","
        Overall Rating:
        3
      ","Sep 9, 2021"
"331","11eyes","tburberry","
        Overall Rating:
        2
      ","Sep 9, 2021"
"332","Toaru Majutsu no Index II","Lionzero","
        Overall Rating:
        7
      ","Sep 9, 2021"
"333","Bokutachi no Remake","Rakuyou_Rin","
        Overall Rating:
        8
      ","Sep 9, 2021"
"334","Darling in the FranXX","BlueWaze","
        Overall Rating:
        9
      ","Sep 9, 2021"
"335","Ansatsu Kyoushitsu 2nd Season","neewip","
        Overall Rating:
        8
      ","Sep 9, 2021"
"336","Kaijuu Girls Kuro: Ultra Kaijuu Gijinka Keikaku","Intrepid_Otaku","
        Overall Rating:
        7
      ","Sep 9, 2021"
"337","Shiroi Suna no Aquatope","PerryTShipman","
        Overall Rating:
        9
      ","Sep 9, 2021"
"338","Ginga Tetsudou 999 (Movie)","Alkemist_123","
        Overall Rating:
        6
      ","Sep 9, 2021"
"339","Sonny Boy","Strikeca","
        Overall Rating:
        9
      ","Sep 9, 2021"
"340","Sora no Otoshimono: Tokeijikake no Angeloid","Sargossa","
        Overall Rating:
        8
      ","Sep 9, 2021"
"341","Katanagatari","dgriffx","
        Overall Rating:
        1
      ","Sep 9, 2021"
"342","Re:Zero kara Hajimeru Isekai Seikatsu","Mekl","
        Overall Rating:
        10
      ","Sep 9, 2021"
"343","ACCA: 13-ku Kansatsu-ka","Wabbajack","
        Overall Rating:
        8
      ","Sep 9, 2021"
"344","Koi to Yobu ni wa Kimochi Warui","GabrielleBC05","
        Overall Rating:
        8
      ","Sep 9, 2021"
"345","Serial Experiments Lain","lBazzo","
        Overall Rating:
        3
      ","Sep 9, 2021"
"346","Tsugumomo","lI_Dire_Il","
        Overall Rating:
        10
      ","Sep 9, 2021"
"347","Kyochuu Rettou Movie","Kimitotaru","
        Overall Rating:
        5
      ","Sep 9, 2021"
"348","Doukyuusei (Movie)","VivavideoUser2x","
        Overall Rating:
        5
      ","Sep 9, 2021"
"349","Kareshi Kanojo no Jijou","Justykanna","
        Overall Rating:
        6
      ","Sep 9, 2021"
"350","Wonder Egg Priority","VivavideoUser2x","
        Overall Rating:
        5
      ","Sep 9, 2021"
"351","Sukitte Ii na yo.","red-artist","
        Overall Rating:
        5
      ","Sep 9, 2021"
"352","Tokyo Revengers","AdityaIronman","
        Overall Rating:
        7
      ","Sep 9, 2021"
"353","Arifureta Shokugyou de Sekai Saikyou","Boydm39","
        Overall Rating:
        10
      ","Sep 9, 2021"
"354","Xian Wang de Richang Shenghuo","wotakui","
        Overall Rating:
        5
      ","Sep 9, 2021"
"355","Knight's & Magic","medvsa","
        Overall Rating:
        4
      ","Sep 9, 2021"
"356","Shoujo Kakumei Utena","momentie","
        Overall Rating:
        6
      ","Sep 9, 2021"
"357","Jujutsu Kaisen (TV)","medvsa","
        Overall Rating:
        9
      ","Sep 9, 2021"
"358","Cider no You ni Kotoba ga Wakiagaru","Barelyink","
        Overall Rating:
        7
      ","Sep 9, 2021"
"359","Hunter x Hunter (2011)","Aerosmith224","
        Overall Rating:
        10
      ","Sep 9, 2021"
"360","Tian Guan Ci Fu","Stuart2003","
        Overall Rating:
        7
      ","Sep 9, 2021"
"361","Aura: Maryuuin Kouga Saigo no Tatakai","Ahiru229","
        Overall Rating:
        5
      ","Sep 9, 2021"
"362","Ore dake Haireru Kakushi Dungeon","i-like-this","
        Overall Rating:
        2
      ","Sep 9, 2021"
"363","One Piece","Chachun","
        Overall Rating:
        7
      ","Sep 9, 2021"
"364","Vanitas no Karte","WatcherBoy","
        Overall Rating:
        7
      ","Sep 9, 2021"
"365","Araburu Kisetsu no Otome-domo yo.","Konekko_rin","
        Overall Rating:
        8
      ","Sep 9, 2021"
"366","100-man no Inochi no Ue ni Ore wa Tatteiru","Konekko_rin","
        Overall Rating:
        6
      ","Sep 9, 2021"
"367","Ao Haru Ride","Konekko_rin","
        Overall Rating:
        9
      ","Sep 9, 2021"
"368","Kobayashi-san Chi no Maid Dragon","i-like-this","
        Overall Rating:
        8
      ","Sep 9, 2021"
"369","Ansatsu Kyoushitsu","Konekko_rin","
        Overall Rating:
        7
      ","Sep 9, 2021"
"370","Another","Konekko_rin","
        Overall Rating:
        9
      ","Sep 9, 2021"
"371","Afro Samurai: Resurrection","Stuart2003","
        Overall Rating:
        3
      ","Sep 9, 2021"
"372","Ano Hi Mita Hana no Namae wo Bokutachi wa Mada Shiranai.","Konekko_rin","
        Overall Rating:
        8
      ","Sep 9, 2021"
"373","Amnesia","Konekko_rin","
        Overall Rating:
        5
      ","Sep 9, 2021"
"374","Akagami no Shirayuki-hime","Konekko_rin","
        Overall Rating:
        9
      ","Sep 9, 2021"
"375","Ajin","Konekko_rin","
        Overall Rating:
        8
      ","Sep 9, 2021"
"376","Acchi Kocchi (TV)","Konekko_rin","
        Overall Rating:
        9
      ","Sep 9, 2021"
"377","Orange","rangerdog","
        Overall Rating:
        6
      ","Sep 9, 2021"
"378","Soukyuu no Fafner: Dead Aggressor","theGodde","
        Overall Rating:
        7
      ","Sep 9, 2021"
"379","Kono Subarashii Sekai ni Shukufuku wo!","Spyguy007","
        Overall Rating:
        8
      ","Sep 9, 2021"
"380","Higurashi no Naku Koro ni Sotsu","DJAXX","
        Overall Rating:
        9
      ","Sep 9, 2021"
"381","Sekaiichi Hatsukoi","catcatcher0-0","
        Overall Rating:
        10
      ","Sep 9, 2021"
"382","Yahari Ore no Seishun Love Comedy wa Machigatteiru.","FakeReal","
        Overall Rating:
        4
      ","Sep 9, 2021"
"383","Fullmetal Alchemist: Brotherhood","talwuzhere","
        Overall Rating:
        9
      ","Sep 9, 2021"
"384","Fumetsu no Anata e","dikoyanki","
        Overall Rating:
        5
      ","Sep 9, 2021"
"385","Horimiya","AshesOnFire","
        Overall Rating:
        8
      ","Sep 9, 2021"
"386","Itsudatte Bokura no Koi wa 10 cm Datta.","GOSA_AnimePro","
        Overall Rating:
        10
      ","Sep 9, 2021"
"387","Otome Game no Hametsu Flag shika Nai Akuyaku Reijou ni Tensei shiteshimatta...","Kidlike101","
        Overall Rating:
        7
      ","Sep 8, 2021"
"388","5-toubun no Hanayome","ValGene","
        Overall Rating:
        6
      ","Sep 8, 2021"
"389","Kuttsukiboshi","ktulu007","
        Overall Rating:
        2
      ","Sep 8, 2021"
"390","Shigatsu wa Kimi no Uso","zanguo","
        Overall Rating:
        10
      ","Sep 8, 2021"
"391","Megami-ryou no Ryoubo-kun.","Kirito378","
        Overall Rating:
        9
      ","Sep 8, 2021"
"392","Highlander: The Search for Vengeance","yasser_sama","
        Overall Rating:
        3
      ","Sep 8, 2021"
"393","Bakemonogatari","Chief_McSpanky","
        Overall Rating:
        10
      ","Sep 8, 2021"
"394","Domestic na Kanojo","Asfon","
        Overall Rating:
        6
      ","Sep 8, 2021"
"395","Nakitai Watashi wa Neko wo Kaburu","DiabloMask","
        Overall Rating:
        7
      ","Sep 8, 2021"
"396","Sewayaki Kitsune no Senko-san","RestartRTD","
        Overall Rating:
        6
      ","Sep 8, 2021"
"397","Kobayashi-san Chi no Maid Dragon S","RestartRTD","
        Overall Rating:
        7
      ","Sep 8, 2021"
"398","Sora no Otoshimono","Sargossa","
        Overall Rating:
        7
      ","Sep 8, 2021"
"399","Kobayashi-san Chi no Maid Dragon","RestartRTD","
        Overall Rating:
        8
      ","Sep 8, 2021"
"400","Madang-eul Naon Amtalg","ProxyLain","
        Overall Rating:
        5
      ","Sep 8, 2021"
"401","Kobayashi-san Chi no Maid Dragon S","duskyboris","
        Overall Rating:
        6
      ","Sep 8, 2021"
"402","Death Note","Mas234","
        Overall Rating:
        10
      ","Sep 8, 2021"
"403","Scarlet Nexus","Neon2002","
        Overall Rating:
        9
      ","Sep 8, 2021"
"404","Idoly Pride","HeroVladimir93","
        Overall Rating:
        8
      ","Sep 8, 2021"
"405","Nanatsu no Taizai: Fundo no Shinpan","EDOSHINRATENSEI","
        Overall Rating:
        4
      ","Sep 8, 2021"
"406","Ryuuou no Oshigoto!","Revshield0","
        Overall Rating:
        3
      ","Sep 8, 2021"
"407","86","Nihiluskun","
        Overall Rating:
        3
      ","Sep 8, 2021"
"408","Haikyuu!!: To the Top 2nd Season","isatommyboy","
        Overall Rating:
        6
      ","Sep 8, 2021"
"409","Fortune Arterial: Akai Yakusoku","Uncle_Georgi","
        Overall Rating:
        10
      ","Sep 8, 2021"
"410","Majo no Tabitabi","Vandervekken","
        Overall Rating:
        8
      ","Sep 8, 2021"
"411","Kimi no Na wa.","HAJIME-NO-ROBIN","
        Overall Rating:
        8
      ","Sep 8, 2021"
"412","Kimi no Na wa.","Risto__32","
        Overall Rating:
        6
      ","Sep 8, 2021"
"413","Bleach","BleachIsPeak","
        Overall Rating:
        10
      ","Sep 8, 2021"
"414","Isekai Cheat Magician: Yoiboshi no Matsuri to Majutsushi","Vandervekken","
        Overall Rating:
        5
      ","Sep 8, 2021"
"415","Peach Girl","Bouncyspacecat99","
        Overall Rating:
        10
      ","Sep 8, 2021"
"416","Citrus","AllieAtreides","
        Overall Rating:
        1
      ","Sep 8, 2021"
"417","Kimetsu no Yaiba","Vandervekken","
        Overall Rating:
        3
      ","Sep 8, 2021"
"418","Steins;Gate","Morpheus935","
        Overall Rating:
        8
      ","Sep 8, 2021"
"419","Sword Art Online","np_completeness","
        Overall Rating:
        1
      ","Sep 8, 2021"
"420","86","isunny2nd","
        Overall Rating:
        9
      ","Sep 8, 2021"
"421","Koi to Yobu ni wa Kimochi Warui","jack4557","
        Overall Rating:
        9
      ","Sep 8, 2021"
"422","Arifureta Shokugyou de Sekai Saikyou","Furgrissa","
        Overall Rating:
        3
      ","Sep 8, 2021"
"423","Itai no wa Iya nano de Bougyoryoku ni Kyokufuri Shitai to Omoimasu.","medvsa","
        Overall Rating:
        8
      ","Sep 8, 2021"
"424","Itazura na Kiss","XxSkinnyLegendz","
        Overall Rating:
        4
      ","Sep 8, 2021"
"425","Tensei shitara Slime Datta Ken 2nd Season Part 2","grazr","
        Overall Rating:
        5
      ","Sep 8, 2021"
"426","Slime Taoshite 300-nen, Shiranai Uchi ni Level Max ni Nattemashita","NTruths","
        Overall Rating:
        4
      ","Sep 8, 2021"
"427","Mahoutsukai Precure!","CataOrShane","
        Overall Rating:
        4
      ","Sep 8, 2021"
"428","Josee to Tora to Sakana-tachi","EuphoricElegy","
        Overall Rating:
        10
      ","Sep 8, 2021"
"429","Rec","Orochi_Kyocr","
        Overall Rating:
        9
      ","Sep 8, 2021"
"430","Amagami SS+ Plus","bobdagreat","
        Overall Rating:
        9
      ","Sep 8, 2021"
"431","Roujin Z","Ahiru229","
        Overall Rating:
        4
      ","Sep 8, 2021"
"432","Evangelion: 3.0+1.0 Thrice Upon a Time","02_RK","
        Overall Rating:
        10
      ","Sep 8, 2021"
"433","Perfect Blue","Sukamii","
        Overall Rating:
        10
      ","Sep 8, 2021"
"434","Arakawa Under the Bridge x Bridge","Orochi_Kyocr","
        Overall Rating:
        6
      ","Sep 8, 2021"
"435","Promare","WillNeot","
        Overall Rating:
        8
      ","Sep 8, 2021"
"436","Darling in the FranXX","medvsa","
        Overall Rating:
        9
      ","Sep 8, 2021"
"437","Re:Zero kara Hajimeru Isekai Seikatsu 2nd Season","SpectreHub","
        Overall Rating:
        10
      ","Sep 8, 2021"
"438","Gintama","Ismael26","
        Overall Rating:
        9
      ","Sep 8, 2021"
"439","Digital Devil Story: Megami Tensei","Musglov","
        Overall Rating:
        6
      ","Sep 8, 2021"
"440","Black Clover","MauricioRH7","
        Overall Rating:
        8
      ","Sep 8, 2021"
"441","Shinigami Bocchan to Kuro Maid","Citrom509","
        Overall Rating:
        9
      ","Sep 8, 2021"
"442","Mahouka Koukou no Yuutousei","pygmalion","
        Overall Rating:
        8
      ","Sep 8, 2021"
"443","Tate no Yuusha no Nariagari","kflm2014","
        Overall Rating:
        9
      ","Sep 8, 2021"
"444","Cheat Kusushi no Slow Life: Isekai ni Tsukurou Drugstore","zurgboy00","
        Overall Rating:
        4
      ","Sep 8, 2021"
"445","IDOLiSH7","v4riantt","
        Overall Rating:
        10
      ","Sep 8, 2021"
"446","Diabolik Lovers","SammyGlare","
        Overall Rating:
        1
      ","Sep 8, 2021"
"447","Boku no Hero Academia 5th Season","lacrymariaolor","
        Overall Rating:
        3
      ","Sep 8, 2021"
"448","Pokemon Advanced Generation","Alex_Jaro","
        Overall Rating:
        8
      ","Sep 8, 2021"
"449","Evangelion: 3.0+1.0 Thrice Upon a Time","Angyat","
        Overall Rating:
        9
      ","Sep 8, 2021"
"450","Spriggan","PsychopompSensei","
        Overall Rating:
        7
      ","Sep 8, 2021"
"451","Hanebado!","i-like-this","
        Overall Rating:
        8
      ","Sep 8, 2021"
"452","Fate/Zero 2nd Season","Natashaaaaa","
        Overall Rating:
        7
      ","Sep 8, 2021"
"453","Zombieland Saga: Revenge","lesfiches1600","
        Overall Rating:
        2
      ","Sep 8, 2021"
"454","Mairimashita! Iruma-kun 2nd Season","lesfiches1600","
        Overall Rating:
        10
      ","Sep 8, 2021"
"455","Boruto: Naruto Next Generations","TheDestructorI","
        Overall Rating:
        8
      ","Sep 8, 2021"
"456","Hige wo Soru. Soshite Joshikousei wo Hirou.","lesfiches1600","
        Overall Rating:
        1
      ","Sep 8, 2021"
"457","Fumetsu no Anata e","lesfiches1600","
        Overall Rating:
        1
      ","Sep 8, 2021"
"458","Osananajimi ga Zettai ni Makenai Love Comedy","i-like-this","
        Overall Rating:
        1
      ","Sep 8, 2021"
"459","Evangelion: 3.0 You Can (Not) Redo","02_RK","
        Overall Rating:
        7
      ","Sep 8, 2021"
"460","Kageki Shoujo!!","lesfiches1600","
        Overall Rating:
        8
      ","Sep 8, 2021"
"461","Tokyo Revengers","eriasuxx","
        Overall Rating:
        6
      ","Sep 8, 2021"
"462","100-man no Inochi no Ue ni Ore wa Tatteiru 2nd Season","lesfiches1600","
        Overall Rating:
        7
      ","Sep 8, 2021"
"463","Devilman: Crybaby","ragrivgo","
        Overall Rating:
        2
      ","Sep 8, 2021"
"464","Man Tou Riji","Wolfgang_B","
        Overall Rating:
        8
      ","Sep 8, 2021"
"465","Zombieland Saga: Revenge","4rgy4","
        Overall Rating:
        10
      ","Sep 8, 2021"
"466","Kanojo mo Kanojo","lesfiches1600","
        Overall Rating:
        10
      ","Sep 8, 2021"
"467","Saki Zenkoku-hen","TSTO","
        Overall Rating:
        7
      ","Sep 8, 2021"
"468","Tantei wa Mou, Shindeiru.","lesfiches1600","
        Overall Rating:
        1
      ","Sep 8, 2021"
"469","Zombieland Saga","4rgy4","
        Overall Rating:
        10
      ","Sep 8, 2021"
"470","Kobayashi-san Chi no Maid Dragon S","lesfiches1600","
        Overall Rating:
        3
      ","Sep 8, 2021"
"471","Gintama.","lesfiches1600","
        Overall Rating:
        5
      ","Sep 8, 2021"
"472","Bakemonogatari","sweatyhummus","
        Overall Rating:
        5
      ","Sep 8, 2021"
"473","Tensura Nikki: Tensei shitara Slime Datta Ken","lesfiches1600","
        Overall Rating:
        10
      ","Sep 8, 2021"
"474","Omoi, Omoware, Furi, Furare","Antaraitis","
        Overall Rating:
        8
      ","Sep 8, 2021"
"475","Re-Main","lesfiches1600","
        Overall Rating:
        8
      ","Sep 8, 2021"
"476","Mob Psycho 100 II","sweatyhummus","
        Overall Rating:
        10
      ","Sep 8, 2021"
"477","Hige wo Soru. Soshite Joshikousei wo Hirou.","Moonseeker01","
        Overall Rating:
        9
      ","Sep 8, 2021"
"478","Night Head 2041","Nora_hikari","
        Overall Rating:
        9
      ","Sep 8, 2021"
"479","Hametsu no Mars","bajo_bames","
        Overall Rating:
        10
      ","Sep 8, 2021"
"480","Tokyo Revengers","Moonseeker01","
        Overall Rating:
        10
      ","Sep 8, 2021"
"481","Tokyo Revengers","amygo","
        Overall Rating:
        9
      ","Sep 8, 2021"
"482","Overlord III","God811","
        Overall Rating:
        8
      ","Sep 7, 2021"
"483","Genjitsu Shugi Yuusha no Oukoku Saikenki","God811","
        Overall Rating:
        10
      ","Sep 7, 2021"
"484","Chain Chronicle: Haecceitas no Hikari","medvsa","
        Overall Rating:
        5
      ","Sep 7, 2021"
"485","Fumetsu no Anata e","Luxavia","
        Overall Rating:
        10
      ","Sep 7, 2021"
"486","Another","medvsa","
        Overall Rating:
        6
      ","Sep 7, 2021"
"487","Boku dake ga Inai Machi","uhboof","
        Overall Rating:
        5
      ","Sep 7, 2021"
"488","Gyakkyou Burai Kaiji: Hakairoku-hen","Cyranical","
        Overall Rating:
        6
      ","Sep 7, 2021"
"489","Tsuujou Kougeki ga Zentai Kougeki de Ni-kai Kougeki no Okaasan wa Suki Desu ka?","deigos","
        Overall Rating:
        10
      ","Sep 7, 2021"
"490","Horimiya","uhboof","
        Overall Rating:
        7
      ","Sep 7, 2021"
"491","Working!!","TheRunawaySavior","
        Overall Rating:
        5
      ","Sep 7, 2021"
"492","Ijiranaide, Nagatoro-san","Pixeldrum","
        Overall Rating:
        7
      ","Sep 7, 2021"
"493","Danganronpa: Kibou no Gakuen to Zetsubou no Koukousei The Animation","Jakerss","
        Overall Rating:
        6
      ","Sep 7, 2021"
"494","Death Note","DancinMuffin","
        Overall Rating:
        8
      ","Sep 7, 2021"
"495","School Days","Lionzero","
        Overall Rating:
        5
      ","Sep 7, 2021"
"496","Boku no Hero Academia","pogety","
        Overall Rating:
        5
      ","Sep 7, 2021"
"497","Kobayashi-san Chi no Maid Dragon S","Lionzero","
        Overall Rating:
        9
      ","Sep 7, 2021"
"498","Hunter x Hunter (2011)","hmmm_22","
        Overall Rating:
        8
      ","Sep 7, 2021"
"499","Toaru Majutsu no Index","Lionzero","
        Overall Rating:
        7
      ","Sep 7, 2021"
"500","Fairy Ranmaru: Anata no Kokoro Otasuke Shimasu","Mollie2060","
        Overall Rating:
        8
      ","Sep 7, 2021"
"501","Golden Time","Haunter_1","
        Overall Rating:
        9
      ","Sep 7, 2021"
"502","Kannagi","hexashadow13","
        Overall Rating:
        8
      ","Sep 7, 2021"
"503","Runway de Waratte","pipartuuli","
        Overall Rating:
        5
      ","Sep 7, 2021"
"504","Doraemon Movie 07: Nobita to Tetsujin Heidan","ShadowGarrix","
        Overall Rating:
        8
      ","Sep 7, 2021"
"505","Mob Psycho 100","MauricioRH7","
        Overall Rating:
        9
      ","Sep 7, 2021"
"506","Happy Sugar Life","realswagmoney","
        Overall Rating:
        5
      ","Sep 7, 2021"
"507","Alien 9","ParaSwordFish","
        Overall Rating:
        8
      ","Sep 7, 2021"
"508","Kotonoha no Niwa","Noromas","
        Overall Rating:
        10
      ","Sep 7, 2021"
"509","Gangsta.","Mavrosgata","
        Overall Rating:
        5
      ","Sep 7, 2021"
"510","Shingeki no Kyojin Season 3 Part 2","mramirezh","
        Overall Rating:
        3
      ","Sep 7, 2021"
"511","Yu<U+2606>Gi<U+2606>Oh! Arc-V","XaneChevalier","
        Overall Rating:
        9
      ","Sep 7, 2021"
"512","Umibe no Étranger","inogashira","
        Overall Rating:
        9
      ","Sep 7, 2021"
"513","Kamisama ni Natta Hi","audioxtc","
        Overall Rating:
        4
      ","Sep 7, 2021"
"514","Tokyo Revengers","KaGaM1N3","
        Overall Rating:
        4
      ","Sep 7, 2021"
"515","Tokyo Revengers","michael_lmao","
        Overall Rating:
        10
      ","Sep 7, 2021"
"516","Dirty Pair no Ooshoubu: Nolandia no Nazo","Royal_Conquest","
        Overall Rating:
        5
      ","Sep 7, 2021"
"517","Just Because!","Kvothe51","
        Overall Rating:
        8
      ","Sep 7, 2021"
"518","Banana Fish","ThatWheatFlour","
        Overall Rating:
        9
      ","Sep 7, 2021"
"519","Uramichi Oniisan","Clauxsanchex","
        Overall Rating:
        9
      ","Sep 7, 2021"
"520","3D Kanojo: Real Girl","Dekulori","
        Overall Rating:
        8
      ","Sep 7, 2021"
"521","Ahiru no Sora","Clauxsanchex","
        Overall Rating:
        9
      ","Sep 7, 2021"
"522","Genjitsu Shugi Yuusha no Oukoku Saikenki","Sto5rm","
        Overall Rating:
        7
      ","Sep 7, 2021"
"523","Tengen Toppa Gurren Lagann","Winter_Fox","
        Overall Rating:
        9
      ","Sep 7, 2021"
"524","Koi to Uso","Juandril","
        Overall Rating:
        6
      ","Sep 7, 2021"
"525","Kingdom 3rd Season","KISS_WC","
        Overall Rating:
        10
      ","Sep 7, 2021"
"526","Burn the Witch","WillNeot","
        Overall Rating:
        7
      ","Sep 7, 2021"
"527","Zankyou no Terror","Clauxsanchex","
        Overall Rating:
        5
      ","Sep 7, 2021"
"528","Kanojo mo Kanojo","audioxtc","
        Overall Rating:
        8
      ","Sep 7, 2021"
"529","Bakemono no Ko","Mati_Boi","
        Overall Rating:
        1
      ","Sep 7, 2021"
"530","Re-Main","i-like-this","
        Overall Rating:
        5
      ","Sep 7, 2021"
"531","Isekai Cheat Magician","audioxtc","
        Overall Rating:
        4
      ","Sep 7, 2021"
"532","Hinamatsuri (TV)","i-like-this","
        Overall Rating:
        10
      ","Sep 7, 2021"
"533","Shingeki no Kyojin Season 3","mramirezh","
        Overall Rating:
        3
      ","Sep 7, 2021"
"534","ARP Backstage Pass","Arvanitis","
        Overall Rating:
        6
      ","Sep 7, 2021"
"535","Great Teacher Onizuka","dudekkvin","
        Overall Rating:
        10
      ","Sep 7, 2021"
"536","Ged Senki","tuulikannel","
        Overall Rating:
        6
      ","Sep 7, 2021"
"537","Fate/Zero","Avexotic","
        Overall Rating:
        8
      ","Sep 7, 2021"
"538","Tokyo Revengers","prithvi__kun","
        Overall Rating:
        9
      ","Sep 7, 2021"
"539","B-gata H-kei","Stalin_supporter","
        Overall Rating:
        8
      ","Sep 7, 2021"
"540","Re:Creators","izzes","
        Overall Rating:
        8
      ","Sep 7, 2021"
"541","Girls & Panzer","Stalin_supporter","
        Overall Rating:
        10
      ","Sep 7, 2021"
"542","Heion Sedai no Idaten-tachi","bullhugger","
        Overall Rating:
        8
      ","Sep 7, 2021"
"543","Evangelion: 2.0 You Can (Not) Advance","02_RK","
        Overall Rating:
        9
      ","Sep 7, 2021"
"544","Genjitsu Shugi Yuusha no Oukoku Saikenki","idotasdaw","
        Overall Rating:
        1
      ","Sep 7, 2021"
"545","Kimetsu no Yaiba","leofret","
        Overall Rating:
        10
      ","Sep 7, 2021"
"546","Sword Art Online","leofret","
        Overall Rating:
        8
      ","Sep 7, 2021"
"547","Fate/stay night Movie: Heaven's Feel - III. Spring Song","Raptor97","
        Overall Rating:
        10
      ","Sep 7, 2021"
"548","Tropical-Rouge! Precure","cevichecee","
        Overall Rating:
        5
      ","Sep 7, 2021"
"549","Scrapped Princess","Resting_Bonfire","
        Overall Rating:
        5
      ","Sep 7, 2021"
"550","Sword Art Online: Alicization","Terrordactylll","
        Overall Rating:
        6
      ","Sep 7, 2021"
"551","Akame ga Kill!","XenonXYZ","
        Overall Rating:
        2
      ","Sep 7, 2021"
"552","Sword Art Online II","Terrordactylll","
        Overall Rating:
        8
      ","Sep 7, 2021"
"553","Sword Art Online","Terrordactylll","
        Overall Rating:
        9
      ","Sep 7, 2021"
"554","Re:Zero kara Hajimeru Isekai Seikatsu","SpectreHub","
        Overall Rating:
        10
      ","Sep 7, 2021"
"555","Kimi no Suizou wo Tabetai","katsucats","
        Overall Rating:
        6
      ","Sep 6, 2021"
"556","Josee to Tora to Sakana-tachi","katsucats","
        Overall Rating:
        6
      ","Sep 6, 2021"
"557","Devilman: Crybaby","powermonkey0110","
        Overall Rating:
        2
      ","Sep 6, 2021"
"558","Detarame Rock & Roll Theory","AlexPaulLEWZ","
        Overall Rating:
        10
      ","Sep 6, 2021"
"559","Howl no Ugoku Shiro","Terrordactylll","
        Overall Rating:
        7
      ","Sep 6, 2021"
"560","Evangelion: 3.0+1.0 Thrice Upon a Time","VeiledEdge","
        Overall Rating:
        2
      ","Sep 6, 2021"
"561","Girls & Panzer","Terrordactylll","
        Overall Rating:
        9
      ","Sep 6, 2021"
"562","Death Note","Terrordactylll","
        Overall Rating:
        10
      ","Sep 6, 2021"
"563","Trust","AlexPaulLEWZ","
        Overall Rating:
        10
      ","Sep 6, 2021"
"564","Keijo!!!!!!!!","Xx_Arashi_xX","
        Overall Rating:
        8
      ","Sep 6, 2021"
"565","Kimi no Na wa.","Narzik246","
        Overall Rating:
        10
      ","Sep 6, 2021"
"566","Re-Main","ducki33","
        Overall Rating:
        8
      ","Sep 6, 2021"
"567","Kimetsu no Yaiba","Zastela","
        Overall Rating:
        2
      ","Sep 6, 2021"
"568","Kimagure Orange<U+2606>Road: Ano Hi ni Kaeritai","Kyosuke69","
        Overall Rating:
        8
      ","Sep 6, 2021"
"569","Code Geass: Hangyaku no Lelouch","Terrordactylll","
        Overall Rating:
        9
      ","Sep 6, 2021"
"570","Kimetsu no Yaiba Movie: Mugen Ressha-hen","Ezekiel","
        Overall Rating:
        4
      ","Sep 6, 2021"
"571","Blood-C","Justpeachy0909","
        Overall Rating:
        7
      ","Sep 6, 2021"
"572","Angel Beats!","Terrordactylll","
        Overall Rating:
        8
      ","Sep 6, 2021"
"573","Horimiya","Sadboy74","
        Overall Rating:
        7
      ","Sep 6, 2021"
"574","Shokugeki no Souma","Daboze","
        Overall Rating:
        10
      ","Sep 6, 2021"
"575","Aria the Animation","DeathlyPi9","
        Overall Rating:
        8
      ","Sep 6, 2021"
"576","Angel Beats!","DeathlyPi9","
        Overall Rating:
        9
      ","Sep 6, 2021"
"577","Date A Live","LiberNetiz","
        Overall Rating:
        7
      ","Sep 6, 2021"
"578","Edens Zero","vikkikat","
        Overall Rating:
        6
      ","Sep 6, 2021"
"579","Amagami SS","bobdagreat","
        Overall Rating:
        8
      ","Sep 6, 2021"
"580","JoJo no Kimyou na Bouken Part 5: Ougon no Kaze","imsomeone","
        Overall Rating:
        8
      ","Sep 6, 2021"
"581","Seirei Gensouki","jvatycom","
        Overall Rating:
        6
      ","Sep 6, 2021"
"582","86","Pixeldrum","
        Overall Rating:
        6
      ","Sep 6, 2021"
"583","Domestic na Kanojo","dividale","
        Overall Rating:
        3
      ","Sep 6, 2021"
"584","Kaizoku Oujo","Kersan","
        Overall Rating:
        6
      ","Sep 6, 2021"
"585","Iya na Kao sare nagara Opantsu Misete Moraitai","kflm2014","
        Overall Rating:
        10
      ","Sep 6, 2021"
"586","Kaizoku Oujo","Hambrone","
        Overall Rating:
        10
      ","Sep 6, 2021"
"587","Bleach","Alirezannz","
        Overall Rating:
        10
      ","Sep 6, 2021"
"588","Pokemon","Alex_Jaro","
        Overall Rating:
        8
      ","Sep 6, 2021"
"589","Shigatsu wa Kimi no Uso","dars809","
        Overall Rating:
        8
      ","Sep 6, 2021"
"590","Kyoukaisenjou no Horizon II","GREED_Adherent","
        Overall Rating:
        8
      ","Sep 6, 2021"
"591","Shingeki no Kyojin","Henunun","
        Overall Rating:
        7
      ","Sep 6, 2021"
"592","Honzuki no Gekokujou: Shisho ni Naru Tame ni wa Shudan wo Erandeiraremasen 2nd Season","TabbyLamby","
        Overall Rating:
        10
      ","Sep 6, 2021"
"593","Kanojo, Okarishimasu","TabbyLamby","
        Overall Rating:
        6
      ","Sep 6, 2021"
"594","Shiguang Dailiren","Yuri_Cobaia","
        Overall Rating:
        10
      ","Sep 6, 2021"
"595","Ansatsu Kyoushitsu 2nd Season","TabbyLamby","
        Overall Rating:
        9
      ","Sep 6, 2021"
"596","Dr. Stone","Henunun","
        Overall Rating:
        9
      ","Sep 6, 2021"
"597","Shiguang Dailiren","Rance-sama","
        Overall Rating:
        6
      ","Sep 6, 2021"
"598","Evangelion: 3.0+1.0 Thrice Upon a Time","Hashiriya_weeb87","
        Overall Rating:
        4
      ","Sep 6, 2021"
"599","Puchi Pri*Yucie","VanVeleca","
        Overall Rating:
        5
      ","Sep 6, 2021"
"600","Kyoukaisenjou no Horizon","GREED_Adherent","
        Overall Rating:
        8
      ","Sep 6, 2021"
"601","Initial D First Stage","jonaswood1999","
        Overall Rating:
        10
      ","Sep 6, 2021"
"602","Gabriel DropOut","MrRumpleDink","
        Overall Rating:
        10
      ","Sep 6, 2021"
"603","Aldnoah.Zero","MrRumpleDink","
        Overall Rating:
        8
      ","Sep 6, 2021"
"604","Darling in the FranXX","Amysel_JinkusuP","
        Overall Rating:
        8
      ","Sep 6, 2021"
"605","Shugo Chara!","Henunun","
        Overall Rating:
        3
      ","Sep 6, 2021"
"606","Genjitsu Shugi Yuusha no Oukoku Saikenki","WorthOfPoint","
        Overall Rating:
        3
      ","Sep 6, 2021"
"607","Ao Haru Ride","Henunun","
        Overall Rating:
        5
      ","Sep 6, 2021"
"608","Tantei wa Mou, Shindeiru.","hzqzlqr9","
        Overall Rating:
        5
      ","Sep 6, 2021"
"609","Great Pretender","inUrAss","
        Overall Rating:
        7
      ","Sep 6, 2021"
"610","Deatte 5-byou de Battle","ZaneVsk","
        Overall Rating:
        5
      ","Sep 6, 2021"
"611","Netoge no Yome wa Onnanoko ja Nai to Omotta?","DeathlyPi9","
        Overall Rating:
        5
      ","Sep 6, 2021"
"612","Golden Time","Hail_Lelouch","
        Overall Rating:
        8
      ","Sep 6, 2021"
"613","Youkoso Jitsuryoku Shijou Shugi no Kyoushitsu e (TV)","Hail_Lelouch","
        Overall Rating:
        8
      ","Sep 6, 2021"
"614","Evangelion: 1.0 You Are (Not) Alone","02_RK","
        Overall Rating:
        8
      ","Sep 6, 2021"
"615","3-gatsu no Lion","narutoramenpan","
        Overall Rating:
        10
      ","Sep 6, 2021"
"616","Fullmetal Alchemist: Brotherhood","SotoPapa","
        Overall Rating:
        5
      ","Sep 6, 2021"
"617","The God of High School","Ryoomi","
        Overall Rating:
        6
      ","Sep 6, 2021"
"618","Shiguang Dailiren","purplepod","
        Overall Rating:
        10
      ","Sep 6, 2021"
"619","Binan Koukou Chikyuu Boueibu LOVE!","hbaby1093","
        Overall Rating:
        6
      ","Sep 6, 2021"
"620","Shingeki no Kyojin Season 2","mramirezh","
        Overall Rating:
        4
      ","Sep 6, 2021"
"621","Dungeon ni Deai wo Motomeru no wa Machigatteiru Darou ka II OVA","Decaffeinated_","
        Overall Rating:
        2
      ","Sep 6, 2021"
"622","Araburu Kisetsu no Otome-domo yo.","wxyr55","
        Overall Rating:
        6
      ","Sep 6, 2021"
"623","Aiura","Ahiru229","
        Overall Rating:
        2
      ","Sep 6, 2021"
"624","Cider no You ni Kotoba ga Wakiagaru","Anonymous_Dikdik","
        Overall Rating:
        5
      ","Sep 6, 2021"
"625","Xian Wang de Richang Shenghuo","mcdoodle","
        Overall Rating:
        6
      ","Sep 6, 2021"
"626","Fumetsu no Anata e","Abedulrahman","
        Overall Rating:
        4
      ","Sep 6, 2021"
"627","JoJo no Kimyou na Bouken Part 3: Stardust Crusaders","Alex_Jaro","
        Overall Rating:
        8
      ","Sep 6, 2021"
"628","Scarlet Nexus","i-like-this","
        Overall Rating:
        1
      ","Sep 6, 2021"
"629","Gokukoku no Brynhildr","thejohnnie","
        Overall Rating:
        4
      ","Sep 6, 2021"
"630","One Piece","Konrad95","
        Overall Rating:
        7
      ","Sep 6, 2021"
"631","Revisions","Brent_Anime","
        Overall Rating:
        10
      ","Sep 6, 2021"
"632","Darling in the FranXX","UrMisaa2473","
        Overall Rating:
        9
      ","Sep 6, 2021"
"633","Inu x Boku SS","Sugi-usa","
        Overall Rating:
        5
      ","Sep 6, 2021"
"634","Tokyo Revengers","thebrownpanther","
        Overall Rating:
        7
      ","Sep 6, 2021"
"635","Koi to Yobu ni wa Kimochi Warui","Kay_90","
        Overall Rating:
        7
      ","Sep 6, 2021"
"636","Space<U+2606>Dandy","CharlesDeGaulle","
        Overall Rating:
        8
      ","Sep 6, 2021"
"637","Mononoke","CharlesDeGaulle","
        Overall Rating:
        9
      ","Sep 6, 2021"
"638","No Game No Life","PiereDelecto","
        Overall Rating:
        8
      ","Sep 6, 2021"
"639","Goblin Slayer","BigAnimeGuy","
        Overall Rating:
        2
      ","Sep 6, 2021"
"640","High School DxD","CestechOfficial","
        Overall Rating:
        8
      ","Sep 6, 2021"
"641","Clannad: After Story","BigAnimeGuy","
        Overall Rating:
        10
      ","Sep 6, 2021"
"642","Initial D First Stage","BigAnimeGuy","
        Overall Rating:
        10
      ","Sep 5, 2021"
"643","Liz to Aoi Tori","chumiichan","
        Overall Rating:
        10
      ","Sep 5, 2021"
"644","Shuumatsu no Walküre","badboymaniac","
        Overall Rating:
        9
      ","Sep 5, 2021"
"645","Akame ga Kill!","NotZerno","
        Overall Rating:
        3
      ","Sep 5, 2021"
"646","Steins;Gate","Fibrodysplasia","
        Overall Rating:
        10
      ","Sep 5, 2021"
"647","Ore dake Haireru Kakushi Dungeon","NotZerno","
        Overall Rating:
        3
      ","Sep 5, 2021"
"648","Princess Tutu","literaturenerd","
        Overall Rating:
        8
      ","Sep 5, 2021"
"649","Toilet no Hanako-san vs Kukkyou Taimashi","badboymaniac","
        Overall Rating:
        2
      ","Sep 5, 2021"
"650","Gokushufudou","vodkaproblems","
        Overall Rating:
        4
      ","Sep 5, 2021"
"651","Wonder Egg Priority","BadSeedDan","
        Overall Rating:
        9
      ","Sep 5, 2021"
"652","Fruits Basket: The Final","brainrotjelly","
        Overall Rating:
        10
      ","Sep 5, 2021"
"653","School Days","Shrimplette_","
        Overall Rating:
        8
      ","Sep 5, 2021"
"654","Gundam: G no Reconguista","WaywardScythe","
        Overall Rating:
        5
      ","Sep 5, 2021"
"655","Touhokutou, Juunana no Sora","Wolfgang_B","
        Overall Rating:
        7
      ","Sep 5, 2021"
"656","Neon Genesis Evangelion","Alvin2110","
        Overall Rating:
        10
      ","Sep 5, 2021"
"657","Esper Bishoujo Manami","TRUETRUESOMIDOMG","
        Overall Rating:
        1
      ","Sep 5, 2021"
"658","Akame ga Kill!","Mikudo","
        Overall Rating:
        9
      ","Sep 5, 2021"
"659","Yoru wa Mijikashi Arukeyo Otome","thestarsailor","
        Overall Rating:
        10
      ","Sep 5, 2021"
"660","Samurai Champloo","Alvin2110","
        Overall Rating:
        8
      ","Sep 5, 2021"
"661","Clannad: After Story","Cotton-picker","
        Overall Rating:
        10
      ","Sep 5, 2021"
"662","Kyousou Giga (TV)","Pink_Noodle_Hair","
        Overall Rating:
        6
      ","Sep 5, 2021"
"663","Candy Boy Episode: EX02 - Shiawase Kyouyuu Riron","NextUniverse","
        Overall Rating:
        6
      ","Sep 5, 2021"
"664","Candy Boy: Nonchalant Talk of the Certain Twin Sisters in Daily Life","NextUniverse","
        Overall Rating:
        9
      ","Sep 5, 2021"
"665","Candy<U+2606>Boy: Side Story For Archive","NextUniverse","
        Overall Rating:
        6
      ","Sep 5, 2021"
"666","Kiznaiver","MrCattyWolf","
        Overall Rating:
        10
      ","Sep 5, 2021"
"667","Candy Boy Episode: EX01 - Mirai Yohouzu","NextUniverse","
        Overall Rating:
        6
      ","Sep 5, 2021"
"668","Ane<U+2606>Haramix","KiliianSleipnir","
        Overall Rating:
        3
      ","Sep 5, 2021"
"669","Jibaku Shounen Hanako-kun","MrCattyWolf","
        Overall Rating:
        10
      ","Sep 5, 2021"
"670","Evangelion: 3.0 You Can (Not) Redo","DrSmockter","
        Overall Rating:
        7
      ","Sep 5, 2021"
"671","Domestic na Kanojo","Lin_Wu","
        Overall Rating:
        4
      ","Sep 5, 2021"
"672","Arifureta Shokugyou de Sekai Saikyou","spideycjk221","
        Overall Rating:
        5
      ","Sep 5, 2021"
"673","Inazuma Eleven Go: Galaxy","WesleyNin","
        Overall Rating:
        3
      ","Sep 5, 2021"
"674","Kaizoku Oujo","TheConjurer","
        Overall Rating:
        8
      ","Sep 5, 2021"
"675","Kyuukyoku Shinka shita Full Dive RPG ga Genjitsu yori mo Kusoge Dattara","silversleek01","
        Overall Rating:
        5
      ","Sep 5, 2021"
"676","Lovely<U+2605>Complex","briluvsmegumilol","
        Overall Rating:
        10
      ","Sep 5, 2021"
"677","Btooom!","Xmo","
        Overall Rating:
        6
      ","Sep 5, 2021"
"678","Dr. Stone","Upset_Nimbus","
        Overall Rating:
        8
      ","Sep 5, 2021"
"679","Kimi no Na wa.","aframe","
        Overall Rating:
        9
      ","Sep 5, 2021"
"680","Kimetsu no Yaiba","JoexySun","
        Overall Rating:
        7
      ","Sep 5, 2021"
"681","Hunter x Hunter (2011)","RobinBanks27","
        Overall Rating:
        5
      ","Sep 5, 2021"
"682","Shiki","TokyoToo","
        Overall Rating:
        8
      ","Sep 5, 2021"
"683","Fumetsu no Anata e","EyeViewer","
        Overall Rating:
        9
      ","Sep 5, 2021"
"684","Tamako Market","makotoplz","
        Overall Rating:
        7
      ","Sep 5, 2021"
"685","Tantei wa Mou, Shindeiru.","Vandervekken","
        Overall Rating:
        3
      ","Sep 5, 2021"
"686","Re-Main","aromaanime","
        Overall Rating:
        3
      ","Sep 5, 2021"
"687","Boku no Hero Academia 2nd Season","MooFC","
        Overall Rating:
        6
      ","Sep 5, 2021"
"688","Boku no Hero Academia","MooFC","
        Overall Rating:
        7
      ","Sep 5, 2021"
"689","JoJo no Kimyou na Bouken (TV)","Alex_Jaro","
        Overall Rating:
        8
      ","Sep 5, 2021"
"690","Kaizoku Oujo","dikoyanki","
        Overall Rating:
        5
      ","Sep 5, 2021"
"691","Kiss Hug","Muffed","
        Overall Rating:
        7
      ","Sep 5, 2021"
"692","Kyoukai no Kanata","Nerd_2208","
        Overall Rating:
        7
      ","Sep 5, 2021"
"693","One Piece","Ciornache","
        Overall Rating:
        10
      ","Sep 5, 2021"
"694","Shingeki no Kyojin","buenalucha","
        Overall Rating:
        7
      ","Sep 5, 2021"
"695","Saiki Kusuo no <U+03A8>-nan","sancchan","
        Overall Rating:
        10
      ","Sep 5, 2021"
"696","Ojamajo Doremi Na-i-sho","Ahiru229","
        Overall Rating:
        8
      ","Sep 5, 2021"
"697","Digimon Adventure: Last Evolution Kizuna","Nyyai030","
        Overall Rating:
        9
      ","Sep 5, 2021"
"698","Mahou Shoujo Madoka<U+2605>Magica","Ahiru229","
        Overall Rating:
        3
      ","Sep 5, 2021"
"699","Cheat Kusushi no Slow Life: Isekai ni Tsukurou Drugstore","jzkmath","
        Overall Rating:
        3
      ","Sep 5, 2021"
"700","Asobi Asobase","Stealth012","
        Overall Rating:
        8
      ","Sep 5, 2021"
"701","Kakushigoto (TV)","MarukoSama","
        Overall Rating:
        10
      ","Sep 5, 2021"
"702","Fumetsu no Anata e","banimewatcher123","
        Overall Rating:
        9
      ","Sep 5, 2021"
"703","Kobayashi-san Chi no Maid Dragon","Saucinator","
        Overall Rating:
        9
      ","Sep 5, 2021"
"704","Tokyo Ghoul","faxmmm","
        Overall Rating:
        5
      ","Sep 5, 2021"
"705","Fruits Basket: The Final","Razer_Gen-321","
        Overall Rating:
        9
      ","Sep 5, 2021"
"706","Shoujo Shuumatsu Ryokou","faxmmm","
        Overall Rating:
        6
      ","Sep 5, 2021"
"707","Tenkuu Danzai Skelter+Heaven","FANT-V9","
        Overall Rating:
        1
      ","Sep 5, 2021"
"708","Kaifuku Jutsushi no Yarinaoshi","KnightofWessex","
        Overall Rating:
        4
      ","Sep 5, 2021"
"709","Violet Evergarden Movie","caswho","
        Overall Rating:
        10
      ","Sep 5, 2021"
"710","Sakurako-san no Ashimoto ni wa Shitai ga Umatteiru","loussi","
        Overall Rating:
        6
      ","Sep 5, 2021"
"711","Hotarubi no Mori e","caswho","
        Overall Rating:
        10
      ","Sep 5, 2021"
"712","Tantei wa Mou, Shindeiru.","im_nobody_007","
        Overall Rating:
        5
      ","Sep 5, 2021"
"713","Tonikaku Kawaii: Kaisou","Beamish_","
        Overall Rating:
        7
      ","Sep 5, 2021"
"714","Great Pretender","MrCattyWolf","
        Overall Rating:
        10
      ","Sep 5, 2021"
"715","Elfen Lied","nitrogynous","
        Overall Rating:
        3
      ","Sep 5, 2021"
"716","Dr. Stone: Stone Wars","MrCattyWolf","
        Overall Rating:
        3
      ","Sep 5, 2021"
"717","Dr. Stone","MrCattyWolf","
        Overall Rating:
        3
      ","Sep 5, 2021"
"718","Hunter x Hunter (2011)","Mizzzzo","
        Overall Rating:
        9
      ","Sep 5, 2021"
"719","Genjitsu Shugi Yuusha no Oukoku Saikenki","Vu_Qu_Huy","
        Overall Rating:
        4
      ","Sep 5, 2021"
"720","The God of High School","TacticalTanuki","
        Overall Rating:
        7
      ","Sep 5, 2021"
"721","Tenkuu Shinpan","caswho","
        Overall Rating:
        7
      ","Sep 5, 2021"
"722","Violet Evergarden","caswho","
        Overall Rating:
        10
      ","Sep 5, 2021"
"723","Fumetsu no Anata e","HelenaHills","
        Overall Rating:
        7
      ","Sep 5, 2021"
"724","Redline","Resting_Bonfire","
        Overall Rating:
        6
      ","Sep 5, 2021"
"725","Fumetsu no Anata e","otakuops7","
        Overall Rating:
        6
      ","Sep 5, 2021"
"726","Shinigami Bocchan to Kuro Maid","i-like-this","
        Overall Rating:
        5
      ","Sep 5, 2021"
"727","Tanaka-kun wa Itsumo Kedaruge","Dionkeykong","
        Overall Rating:
        3
      ","Sep 5, 2021"
"728","Kuroko no Basket","Bav6","
        Overall Rating:
        8
      ","Sep 5, 2021"
"729","Toki wo Kakeru Shoujo","Alex_Jaro","
        Overall Rating:
        7
      ","Sep 5, 2021"
"730","Persona 5 the Animation","michaeldo2004","
        Overall Rating:
        10
      ","Sep 5, 2021"
"731","Urusei Yatsura","Gollonkus","
        Overall Rating:
        7
      ","Sep 5, 2021"
"732","Evangelion: 2.0 You Can (Not) Advance","DrSmockter","
        Overall Rating:
        8
      ","Sep 5, 2021"
"733","Sword Art Online: Alicization - War of Underworld","OrangeOtakuCause","
        Overall Rating:
        9
      ","Sep 5, 2021"
"734","Tantei wa Mou, Shindeiru.","valiantslakr","
        Overall Rating:
        6
      ","Sep 5, 2021"
"735","Jujutsu Kaisen (TV)","Mizzzzo","
        Overall Rating:
        9
      ","Sep 5, 2021"
"736","Tsuki ga Michibiku Isekai Douchuu","valiantslakr","
        Overall Rating:
        6
      ","Sep 5, 2021"
"737","One Punch Man","Mizzzzo","
        Overall Rating:
        9
      ","Sep 5, 2021"
"738","Psycho-Pass 3","hassan0297","
        Overall Rating:
        9
      ","Sep 5, 2021"
"739","Death Note","Aramanimewatcher","
        Overall Rating:
        8
      ","Sep 5, 2021"
"740","Kono Oto Tomare! 2nd Season","vault-dweller","
        Overall Rating:
        7
      ","Sep 5, 2021"
"741","Re-Main","Kaustubh15","
        Overall Rating:
        6
      ","Sep 5, 2021"
"742","D4DJ Petit Mix","laviimayas","
        Overall Rating:
        5
      ","Sep 5, 2021"
"743","86","Kirasenpaiamv","
        Overall Rating:
        10
      ","Sep 5, 2021"
"744","Bokutachi no Remake","MansharU","
        Overall Rating:
        7
      ","Sep 5, 2021"
"745","Fate/stay night Movie: Heaven's Feel - I. Presage Flower","Shikiorii","
        Overall Rating:
        9
      ","Sep 5, 2021"
"746","Kanojo mo Kanojo","Doominati","
        Overall Rating:
        8
      ","Sep 4, 2021"
"747","Aki-Sora","LdMk","
        Overall Rating:
        3
      ","Sep 4, 2021"
"748","Vivy: Fluorite Eye's Song","Pixeldrum","
        Overall Rating:
        6
      ","Sep 4, 2021"
"749","Re:Zero kara Hajimeru Isekai Seikatsu","4rgy4","
        Overall Rating:
        9
      ","Sep 4, 2021"
"750","Yuru Camp<U+25B3>","Remster20","
        Overall Rating:
        9
      ","Sep 4, 2021"
