"","date","time","temp"
"1","<U+092C><U+0941><U+0927><U+0935><U+093E><U+0930> 10 <U+0928><U+0935><U+0902><U+092C><U+0930>","21.00<U+092C><U+0941><U+0927><U+0935><U+093E><U+0930> 10 <U+0928><U+0935><U+0902><U+092C><U+0930>","24 °C"
"2","<U+0917><U+0941><U+0930><U+0941><U+0935><U+093E><U+0930> 11 <U+0928><U+0935><U+0902><U+092C><U+0930>","22.00","24 °C"
"3","<U+092C><U+0941><U+0927><U+0935><U+093E><U+0930> 10 <U+0928><U+0935><U+0902><U+092C><U+0930>","23.00","24 °C"
"4","<U+0917><U+0941><U+0930><U+0941><U+0935><U+093E><U+0930> 11 <U+0928><U+0935><U+0902><U+092C><U+0930>","00.00<U+0917><U+0941><U+0930><U+0941><U+0935><U+093E><U+0930> 11 <U+0928><U+0935><U+0902><U+092C><U+0930>","24 °C"
"5","<U+092C><U+0941><U+0927><U+0935><U+093E><U+0930> 10 <U+0928><U+0935><U+0902><U+092C><U+0930>","01.00","24 °C"
"6","<U+0917><U+0941><U+0930><U+0941><U+0935><U+093E><U+0930> 11 <U+0928><U+0935><U+0902><U+092C><U+0930>","02.00","24 °C"
"7","<U+092C><U+0941><U+0927><U+0935><U+093E><U+0930> 10 <U+0928><U+0935><U+0902><U+092C><U+0930>","03.00","24 °C"
"8","<U+0917><U+0941><U+0930><U+0941><U+0935><U+093E><U+0930> 11 <U+0928><U+0935><U+0902><U+092C><U+0930>","04.00","25 °C"
"9","<U+092C><U+0941><U+0927><U+0935><U+093E><U+0930> 10 <U+0928><U+0935><U+0902><U+092C><U+0930>","05.00","26 °C"
"10","<U+0917><U+0941><U+0930><U+0941><U+0935><U+093E><U+0930> 11 <U+0928><U+0935><U+0902><U+092C><U+0930>","06.00","26 °C"
"11","<U+092C><U+0941><U+0927><U+0935><U+093E><U+0930> 10 <U+0928><U+0935><U+0902><U+092C><U+0930>","07.00","25 °C"
"12","<U+0917><U+0941><U+0930><U+0941><U+0935><U+093E><U+0930> 11 <U+0928><U+0935><U+0902><U+092C><U+0930>","08.00","25 °C"
"13","<U+092C><U+0941><U+0927><U+0935><U+093E><U+0930> 10 <U+0928><U+0935><U+0902><U+092C><U+0930>","09.00","25 °C"
"14","<U+0917><U+0941><U+0930><U+0941><U+0935><U+093E><U+0930> 11 <U+0928><U+0935><U+0902><U+092C><U+0930>","10.00","25 °C"
"15","<U+092C><U+0941><U+0927><U+0935><U+093E><U+0930> 10 <U+0928><U+0935><U+0902><U+092C><U+0930>","11.00","25 °C"
"16","<U+0917><U+0941><U+0930><U+0941><U+0935><U+093E><U+0930> 11 <U+0928><U+0935><U+0902><U+092C><U+0930>","12.00","25 °C"
"17","<U+092C><U+0941><U+0927><U+0935><U+093E><U+0930> 10 <U+0928><U+0935><U+0902><U+092C><U+0930>","13.00","25 °C"
"18","<U+0917><U+0941><U+0930><U+0941><U+0935><U+093E><U+0930> 11 <U+0928><U+0935><U+0902><U+092C><U+0930>","14.00","25 °C"
"19","<U+092C><U+0941><U+0927><U+0935><U+093E><U+0930> 10 <U+0928><U+0935><U+0902><U+092C><U+0930>","15.00","25 °C"
"20","<U+0917><U+0941><U+0930><U+0941><U+0935><U+093E><U+0930> 11 <U+0928><U+0935><U+0902><U+092C><U+0930>","16.00","25 °C"
"21","<U+092C><U+0941><U+0927><U+0935><U+093E><U+0930> 10 <U+0928><U+0935><U+0902><U+092C><U+0930>","17.00","25 °C"
"22","<U+0917><U+0941><U+0930><U+0941><U+0935><U+093E><U+0930> 11 <U+0928><U+0935><U+0902><U+092C><U+0930>","18.00","24 °C"
"23","<U+092C><U+0941><U+0927><U+0935><U+093E><U+0930> 10 <U+0928><U+0935><U+0902><U+092C><U+0930>","19.00","24 °C"
"24","<U+0917><U+0941><U+0930><U+0941><U+0935><U+093E><U+0930> 11 <U+0928><U+0935><U+0902><U+092C><U+0930>","20.00","24 °C"
